{"cameraMode":{"drawMode":0,"name":"Shaded","section":"Shading Mode"},"sceneLighting":true,"audioPlay":false,"sceneViewState":{"showFog":true,"showMaterialUpdate":false,"showSkybox":true,"showFlares":true,"showImageEffects":true,"showParticleSystems":true},"in2DMode":false,"pivot":{"x":1.4049299955368043,"y":-5.919853210449219,"z":1.5421295166015626},"rotation":{"x":-0.3324972093105316,"y":0.042973313480615619,"z":-0.015206560492515564,"w":-0.9420263767242432},"size":68.33453369140625,"orthographic":false}