{"cameraMode":{"drawMode":0,"name":"Shaded","section":"Shading Mode"},"sceneLighting":true,"audioPlay":false,"sceneViewState":{"showFog":true,"showMaterialUpdate":false,"showSkybox":true,"showFlares":true,"showImageEffects":true,"showParticleSystems":true},"in2DMode":false,"pivot":{"x":0.0,"y":0.7769999504089356,"z":10.03499984741211},"rotation":{"x":-0.11695955693721771,"y":0.8670467734336853,"z":-0.24166904389858247,"w":-0.4197894334793091},"size":18.806455612182618,"orthographic":false}